{
  "manifest_version": 3,
  "name": "Advanced Translator Tooltip",
  "version": "1.0.1",
  "description": "Select text on any page and trigger a translation tooltip via the extension popup.",
  "permissions": ["activeTab", "scripting", "storage"],
  "host_permissions": ["<all_urls>"],
  "background": {
    "service_worker": "background.js"
  },
  "action": {
    "default_popup": "popup/popup.html",
    "default_icon": {
      "16": "images/icon16.png",
      "48": "images/icon48.png",
      "128": "images/icon128.png"
    }
  },
  "content_scripts": [
    {
      "matches": ["<all_urls>"],
      "js": ["browser-polyfill.js", "purify.min.js", "content/content.js"],
      "css": ["content/style.css"]
    }
  ],
  "icons": {
    "16": "images/icon16.png",
    "48": "images/icon48.png",
    "128": "images/icon128.png"
  },
  "web_accessible_resources": [
    {
      "resources": ["images/icon48.png"],
      "matches": ["<all_urls>"]
    }
  ]
}
